{"cameraMode":{"drawMode":0,"name":"Shaded","section":"Shading Mode"},"sceneLighting":false,"audioPlay":false,"sceneViewState":{"m_AlwaysRefresh":false,"showFog":true,"showSkybox":false,"showFlares":true,"showImageEffects":true,"showParticleSystems":true,"showVisualEffectGraphs":true,"m_FxEnabled":true},"in2DMode":false,"pivot":{"x":-0.40871095657348635,"y":2.811350107192993,"z":-2.384185791015625e-7},"rotation":{"x":0.32237306237220766,"y":0.45043957233428957,"z":-0.17854227125644685,"w":0.8132398128509522},"size":4.567399501800537,"orthographic":false}