{"cameraMode":{"drawMode":0,"name":"Shaded","section":"Shading Mode"},"sceneLighting":false,"audioPlay":false,"sceneViewState":{"m_AlwaysRefresh":false,"showFog":true,"showSkybox":false,"showFlares":true,"showImageEffects":true,"showParticleSystems":true,"showVisualEffectGraphs":true,"m_FxEnabled":true},"in2DMode":false,"pivot":{"x":37.900001525878909,"y":11.347000122070313,"z":-3.337310791015625},"rotation":{"x":0.051613226532936099,"y":-0.7982934713363648,"z":0.06915785372257233,"w":0.596140444278717},"size":1.3395196199417115,"orthographic":false}