{"cameraMode":{"drawMode":0,"name":"Shaded","section":"Shading Mode"},"sceneLighting":true,"audioPlay":false,"sceneViewState":{"m_AlwaysRefresh":false,"showFog":true,"showSkybox":true,"showFlares":true,"showImageEffects":true,"showParticleSystems":true,"showVisualEffectGraphs":true,"m_FxEnabled":true},"in2DMode":false,"pivot":{"x":-52.839942932128909,"y":15.032882690429688,"z":-52.438594818115237},"rotation":{"x":-0.20753051340579987,"y":0.2335972934961319,"z":-0.05117788910865784,"w":-0.948606550693512},"size":30.001968383789064,"orthographic":false}